Product Name,Product URL
Matrix Keypad,https://himalayansolution.com/product/matrix-keypad
MP3 Decoder Board,https://himalayansolution.com/product/mp3-decoder-board
GY-45  (MMA845x) Accelerometer Tilt Module,https://himalayansolution.com/product/gy-45-mma845x-accelerometer-tilt-module
LM386 Audio Amplifier Module,https://himalayansolution.com/product/lm386-audio-amplifier-module
PCF 8591 Module(ADC-DAC),https://himalayansolution.com/product/pcf-8591-module-adc-dac
BC Magnetic Reed Switch,https://himalayansolution.com/product/bc-magnetic-reed-switch
Single Channel Relay Module Compatible With Arduino,https://himalayansolution.com/product/single-channel-relay-module-compatible-with-arduino
2 Channel Relay Module,https://himalayansolution.com/product/2-channel-relay-module
4 Channel Relay Module,https://himalayansolution.com/product/4-channel-relay-module
8 Channel Relay Module,https://himalayansolution.com/product/8-channel-relay-module
Solid State 1 Channel Relay Module,https://himalayansolution.com/product/solid-state-1-channel-relay-module
2 Channel Solid state Relay Module,https://himalayansolution.com/product/2-channel-solid-state-relay-module
DS 1302 Clock Module Without Battery,https://himalayansolution.com/product/ds-1302-clock-module-without-battery
DS 1307 Clock Module,https://himalayansolution.com/product/ds-1307-clock-module
DS1302 Clock Module Without Battery,https://himalayansolution.com/product/ds1302-clock-module-without-battery
Micro Sd Card Module,https://himalayansolution.com/product/micro-sd-card-module
SD Card Module,https://himalayansolution.com/product/sd-card-module
BLUETOOTH UART MODULE BASED ON HC-05,https://himalayansolution.com/product/bluetooth-uart-module-based-on-hc-05
Bluetooth Module (XS-3868) Small,https://himalayansolution.com/product/bluetooth-module-xs-3868-small
USB to TTL CH340,https://himalayansolution.com/product/usb-to-ttl-ch340
USB to TTL CP2102 Without Cable,https://himalayansolution.com/product/usb-to-ttl-cp2102-without-cable
16 Channel Relay Module,https://himalayansolution.com/product/16-channel-relay-module
ST-LINK/V2 (Debugging and Programming),https://himalayansolution.com/product/st-link-v2-debugging-and-programming
DPDT Switch,https://himalayansolution.com/product/dpdt-switch
Servo Bracket,https://himalayansolution.com/product/servo-bracket
40 Pin ZIP  IC Socket,https://himalayansolution.com/product/40-pin-zip-ic-socket
28 Pin Zip IC Socket,https://himalayansolution.com/product/28-pin-zip-ic-socket
12V Relay,https://himalayansolution.com/product/12v-relay
Touch Keypad,https://himalayansolution.com/product/touch-keypad
DC Motor Holder,https://himalayansolution.com/product/dc-motor-holder
Power Supply 10 Amp 30 V,https://himalayansolution.com/product/power-supply-10-amp-30-v
3 x 4 Keypad,https://himalayansolution.com/product/3-x-4-keypad
4 x 4 Keypad,https://himalayansolution.com/product/4-x-4-keypad
4 x 4 Matrix Keypad Module,https://himalayansolution.com/product/4-x-4-matrix-keypad-module
Wireless Remote With Circuit Board,https://himalayansolution.com/product/wireless-remote-with-circuit-board
16*2 LCD Module,https://himalayansolution.com/product/16-2-lcd-module
20* 4 LCD Module,https://himalayansolution.com/product/20-4-lcd-module
5V Relay,https://himalayansolution.com/product/5v-relay
I2C Connector Module,https://himalayansolution.com/product/i2c-connector-module
Anti Static Tweezer Set (6 Pcs),https://himalayansolution.com/product/anti-static-tweezer-set-6-pcs
Thermistor black head 10K,https://himalayansolution.com/product/thermistor-black-head-10k
A5 Size PCB,https://himalayansolution.com/product/a5-size-pcb
Sonoff Basic WiFi Smart Switch,https://himalayansolution.com/product/sonoff-basic-wifi-smart-switch
Single Side PCB (A6 Size),https://himalayansolution.com/product/single-side-pcb-a6-size
Double Side PCB (A6 Size ),https://himalayansolution.com/product/double-side-pcb-a6-size
Matrix Board 9*15 cm,https://himalayansolution.com/product/matrix-board-9-15-cm
Matrix Board 10*15 cm (Good Quality),https://himalayansolution.com/product/matrix-board-10-15-cm-good-quality
5k Potentiometer,https://himalayansolution.com/product/5k-potentiometer
2 Pin Connector White,https://himalayansolution.com/product/2-pin-connector-white
5k Preset,https://himalayansolution.com/product/5k-preset
100K Preset,https://himalayansolution.com/product/100k-preset
AMS 1117 IC SMD,https://himalayansolution.com/product/ams-1117-ic-smd
EMAX BLHELI ONESHOT 12AMP ESC,https://himalayansolution.com/product/emax-blheli-oneshot-12amp-esc
Breadboard Normal MB 102,https://himalayansolution.com/product/breadboard-normal-mb-102
Breadboard micro,https://himalayansolution.com/product/breadboard-micro
10*4.5 Propeller 1045 (Pair),https://himalayansolution.com/product/10-4-5-propeller-1045-pair
9V Adapter,https://himalayansolution.com/product/9v-adapter
Shunt Resistance For Path Metric Amp I9Y5,https://himalayansolution.com/product/shunt-resistance-for-path-metric-amp-i9y5
Esp 8266 Base With Relay,https://himalayansolution.com/product/esp-8266-base-with-relay
AT Mega 328 IC,https://himalayansolution.com/product/at-mega-328-ic
LM 339 IC,https://himalayansolution.com/product/lm-339-ic
LM 393 IC,https://himalayansolution.com/product/lm-393-ic
ULN 2003 IC,https://himalayansolution.com/product/uln-2003-ic
ULN 2803 IC,https://himalayansolution.com/product/uln-2803-ic
BT 136 IC,https://himalayansolution.com/product/bt-136-ic
Lm 358 IC,https://himalayansolution.com/product/lm-358-ic
Max 7219  IC,https://himalayansolution.com/product/max-7219-ic
Ds 1307 IC,https://himalayansolution.com/product/ds-1307-ic
DS 1302 IC,https://himalayansolution.com/product/ds-1302-ic
74HC595 IC,https://himalayansolution.com/product/74hc595-ic
Max 232 IC,https://himalayansolution.com/product/max-232-ic
UA 741 IC,https://himalayansolution.com/product/ua-741-ic
AT 89S51 IC,https://himalayansolution.com/product/at-89s51-ic
LM 7812 IC,https://himalayansolution.com/product/lm-7812-ic
LM 317 IC,https://himalayansolution.com/product/lm-317-ic
LM 331 IC,https://himalayansolution.com/product/lm-331-ic
L298 IC,https://himalayansolution.com/product/l298-ic
GPS Module,https://himalayansolution.com/product/gps-module
DB9  Female Connector,https://himalayansolution.com/product/db9-female-connector
1N4007 Diode,https://himalayansolution.com/product/1n4007-diode
1uf Capacitor,https://himalayansolution.com/product/1uf-capacitor
10uf capacitor,https://himalayansolution.com/product/10uf-capacitor
22uf Capacitor,https://himalayansolution.com/product/22uf-capacitor
100uf Capacitor,https://himalayansolution.com/product/100uf-capacitor
47uf Capacitor,https://himalayansolution.com/product/47uf-capacitor
Ultrasonic Sensor Holder Big,https://himalayansolution.com/product/ultrasonic-sensor-holder-big
IRF 3205 IC,https://himalayansolution.com/product/irf-3205-ic
30N06L IC,https://himalayansolution.com/product/30n06l-ic
6 Pin IC Base,https://himalayansolution.com/product/6-pin-ic-base
8 Pin IC Base,https://himalayansolution.com/product/8-pin-ic-base
14 Pin IC Base,https://himalayansolution.com/product/14-pin-ic-base
16 Pin IC Base,https://himalayansolution.com/product/16-pin-ic-base
20 Pin IC Base,https://himalayansolution.com/product/20-pin-ic-base
24 Pin IC Base,https://himalayansolution.com/product/24-pin-ic-base
40 Pin IC Base,https://himalayansolution.com/product/40-pin-ic-base
XT60 Male Connector,https://himalayansolution.com/product/xt60-male-connector
Tip 41 IC,https://himalayansolution.com/product/tip-41-ic
Tip 42 IC,https://himalayansolution.com/product/tip-42-ic
ULN 2004 IC,https://himalayansolution.com/product/uln-2004-ic
SN74HC574 IC,https://himalayansolution.com/product/sn74hc574-ic
SN7425N IC,https://himalayansolution.com/product/sn7425n-ic
HCF4081BE IC,https://himalayansolution.com/product/hcf4081be-ic
HCF4050BE IC,https://himalayansolution.com/product/hcf4050be-ic
HCF4052BE IC,https://himalayansolution.com/product/hcf4052be-ic
HEF 4011 IC,https://himalayansolution.com/product/hef-4011-ic
AT Mega8 IC,https://himalayansolution.com/product/at-mega8-ic
AT Mega16 IC,https://himalayansolution.com/product/at-mega16-ic
AT Mega 32 IC,https://himalayansolution.com/product/at-mega-32-ic
Lm 324 IC,https://himalayansolution.com/product/lm-324-ic
XT60 Female Connector,https://himalayansolution.com/product/xt60-female-connector
Logic level Converter Module,https://himalayansolution.com/product/logic-level-converter-module
LM 35 Sensor,https://himalayansolution.com/product/lm-35-sensor
Laser  Diode,https://himalayansolution.com/product/laser-diode
LF411C IC,https://himalayansolution.com/product/lf411c-ic
Limit Switch,https://himalayansolution.com/product/limit-switch
GSM Antenna,https://himalayansolution.com/product/gsm-antenna
DC Jack Female Connector,https://himalayansolution.com/product/dc-jack-female-connector
ATMEL611 IC,https://himalayansolution.com/product/atmel611-ic
BC 547 Transistor,https://himalayansolution.com/product/bc-547-transistor
Reset Switch 3 Pin,https://himalayansolution.com/product/reset-switch-3-pin
4 Mhz Crystal Oscillator,https://himalayansolution.com/product/4-mhz-crystal-oscillator
3144T IC,https://himalayansolution.com/product/3144t-ic
3.579 Mhz Crystal Oscillator,https://himalayansolution.com/product/3-579-mhz-crystal-oscillator
3 Pin Connector Blue,https://himalayansolution.com/product/3-pin-connector-blue
3 Pin Orange Connector (Pair),https://himalayansolution.com/product/3-pin-orange-connector-pair
2N3904 IC,https://himalayansolution.com/product/2n3904-ic
2 Pin Connector Blue,https://himalayansolution.com/product/2-pin-connector-blue
2 Pin Orange Connector (Pair),https://himalayansolution.com/product/2-pin-orange-connector-pair
18 Pin IC Base,https://himalayansolution.com/product/18-pin-ic-base
24 MHz Crystal Oscillator,https://himalayansolution.com/product/24-mhz-crystal-oscillator
28 Pin IC Base,https://himalayansolution.com/product/28-pin-ic-base
11.0592 MHz Crystal Oscillator,https://himalayansolution.com/product/11-0592-mhz-crystal-oscillator
12 MHz Crystal Oscillator,https://himalayansolution.com/product/12-mhz-crystal-oscillator
Max 515 IC,https://himalayansolution.com/product/max-515-ic
MC14071BCP IC,https://himalayansolution.com/product/mc14071bcp-ic
MCP 3008 IC,https://himalayansolution.com/product/mcp-3008-ic
Micro Limit Switch(endstop switch),https://himalayansolution.com/product/micro-limit-switch-endstop-switch
Moc 3041 IC,https://himalayansolution.com/product/moc-3041-ic
5 Pin Dip Switch,https://himalayansolution.com/product/5-pin-dip-switch
6 Pin Dip Switch,https://himalayansolution.com/product/6-pin-dip-switch
8 Pin Dip Switch,https://himalayansolution.com/product/8-pin-dip-switch
Push To Button Switch,https://himalayansolution.com/product/push-to-button-switch
Reed Switch,https://himalayansolution.com/product/reed-switch
Reset Switch Small,https://himalayansolution.com/product/reset-switch-small
RS232 to TTL,https://himalayansolution.com/product/rs232-to-ttl
SC 91214A IC,https://himalayansolution.com/product/sc-91214a-ic
Thermistor golden for 3D Printer,https://himalayansolution.com/product/thermistor-golden-for-3d-printer
USB To RS232 Cable,https://himalayansolution.com/product/usb-to-rs232-cable
XT - 60 Connector Cover,https://himalayansolution.com/product/xt-60-connector-cover
10K Potentiometer,https://himalayansolution.com/product/10k-potentiometer
Accelerometer GY-61 (ADXL335),https://himalayansolution.com/product/accelerometer-gy-61-adxl335
GY-273 Hmc 5883L,https://himalayansolution.com/product/gy-273-hmc-5883l
MPU 92/65 Gyroscope and accelerometer module 3 axis,https://himalayansolution.com/product/mpu-92-65-gyroscope-and-accelerometer-module-3-axis
GSM/GPS Sim 808 Sim908 Module,https://himalayansolution.com/product/gsm-gps-sim-808-sim908-module
MMA 7761 Module,https://himalayansolution.com/product/mma-7761-module
PLC Module,https://himalayansolution.com/product/plc-module
"Wireless Charging Module 5V,1A",https://himalayansolution.com/product/wireless-charging-module-5v-1a
T Connector Female,https://himalayansolution.com/product/t-connector-female
T Connector Male,https://himalayansolution.com/product/t-connector-male
SN74LS138 IC,https://himalayansolution.com/product/sn74ls138-ic
Drill Bit Plastic Box,https://himalayansolution.com/product/drill-bit-plastic-box
A4988 Stepper Driver,https://himalayansolution.com/product/a4988-stepper-driver
3D Heatbed,https://himalayansolution.com/product/3d-heatbed
Apm 2.8 with compass  Flight Controller,https://himalayansolution.com/product/apm-2-8-with-compass-flight-controller
ADC0804LCN IC,https://himalayansolution.com/product/adc0804lcn-ic
NE 555 IC,https://himalayansolution.com/product/ne-555-ic
30A Split-Core Current Transformer,https://himalayansolution.com/product/30a-split-core-current-transformer
100A Split-Core Current Transformer,https://himalayansolution.com/product/100a-split-core-current-transformer
74F74 N IC,https://himalayansolution.com/product/74f74-n-ic
3D Rod Screw Yellow Only,https://himalayansolution.com/product/3d-rod-screw-yellow-only
Lm 7805 IC,https://himalayansolution.com/product/lm-7805-ic
AT Mega 168 IC,https://himalayansolution.com/product/at-mega-168-ic
L293D  IC,https://himalayansolution.com/product/l293d-ic
Blower Fan Small,https://himalayansolution.com/product/blower-fan-small
12v Fan Holder,https://himalayansolution.com/product/12v-fan-holder
Hotbed Borosilicate Glass,https://himalayansolution.com/product/hotbed-borosilicate-glass
Bullet Connector Female,https://himalayansolution.com/product/bullet-connector-female
Glue Stick,https://himalayansolution.com/product/glue-stick
BC 548 Transistor,https://himalayansolution.com/product/bc-548-transistor
BC 558 Transistor,https://himalayansolution.com/product/bc-558-transistor
CD 4017 IC,https://himalayansolution.com/product/cd-4017-ic
DHT  22 Module,https://himalayansolution.com/product/dht-22-module
Attiny 13 IC,https://himalayansolution.com/product/attiny-13-ic
Night vision sensitive IR,https://himalayansolution.com/product/night-vision-sensitive-ir
10 Pin Dip Switch,https://himalayansolution.com/product/10-pin-dip-switch
3A Buck Module,https://himalayansolution.com/product/3a-buck-module
5A Buck Module (Red),https://himalayansolution.com/product/5a-buck-module-red
5A Buck Module With Heat Shink,https://himalayansolution.com/product/5a-buck-module-with-heat-shink
Attiny 85  IC,https://himalayansolution.com/product/attiny-85-ic
600ma Boost Module,https://himalayansolution.com/product/600ma-boost-module
Boost Module With Led,https://himalayansolution.com/product/boost-module-with-led
Buck & Boost Module,https://himalayansolution.com/product/buck-boost-module
CD4073BE IC,https://himalayansolution.com/product/cd4073be-ic
Pir Switch Dani,https://himalayansolution.com/product/pir-switch-dani
Ultrasonic Sensor Holder Small,https://himalayansolution.com/product/ultrasonic-sensor-holder-small
CD74HC4046 IC,https://himalayansolution.com/product/cd74hc4046-ic
DRV  8825 Stepper Driver,https://himalayansolution.com/product/drv-8825-stepper-driver
IRFZ44N Transistor,https://himalayansolution.com/product/irfz44n-transistor
16 Mhz Crystal Oscillator,https://himalayansolution.com/product/16-mhz-crystal-oscillator
Bullet Connector Male,https://himalayansolution.com/product/bullet-connector-male
Coin Cell Battery,https://himalayansolution.com/product/coin-cell-battery
Orange Pi Big Case,https://himalayansolution.com/product/orange-pi-big-case
Servo Wire Cable,https://himalayansolution.com/product/servo-wire-cable
Slide Switch big,https://himalayansolution.com/product/slide-switch-big
SN74247N IC,https://himalayansolution.com/product/sn74247n-ic
SN75157P IC,https://himalayansolution.com/product/sn75157p-ic
Sonoff Wifi 4 Channnel,https://himalayansolution.com/product/sonoff-wifi-4-channnel
Banana Plug (Black),https://himalayansolution.com/product/banana-plug-black
RCNUN 12 V/24 V 5V 3 A  Buck  Converter Module,https://himalayansolution.com/product/rcnun-12-v-24-v-5v-3-a-buck-converter-module
Waterproof Plastic Project Box 11.5×9×5.5 cm,https://himalayansolution.com/product/waterproof-plastic-project-box-11-5-9-5-5-cm
37 IN 1 SENSOR KIT COMPATIBLE WITH ARDUINO,https://himalayansolution.com/product/37-in-1-sensor-kit-compatible-with-arduino
6 Channel Remote Without cable,https://himalayansolution.com/product/6-channel-remote-without-cable
USB Female,https://himalayansolution.com/product/usb-female
100K Resistor,https://himalayansolution.com/product/100k-resistor
12K Resistor,https://himalayansolution.com/product/12k-resistor
470K Resistor,https://himalayansolution.com/product/470k-resistor
270K Resistor,https://himalayansolution.com/product/270k-resistor
3.3K Resistor,https://himalayansolution.com/product/3-3k-resistor
56K Resistor,https://himalayansolution.com/product/56k-resistor
4.7K Resistor,https://himalayansolution.com/product/4-7k-resistor
470R  Resistor,https://himalayansolution.com/product/470r-resistor
330R  Resistor,https://himalayansolution.com/product/330r-resistor
220R  Resistor,https://himalayansolution.com/product/220r-resistor
1K Resistor,https://himalayansolution.com/product/1k-resistor
10K Resistor,https://himalayansolution.com/product/10k-resistor
Soldering Station Non Digital,https://himalayansolution.com/product/soldering-station-non-digital
Breadboard Mini,https://himalayansolution.com/product/breadboard-mini
32 Servo Controller,https://himalayansolution.com/product/32-servo-controller
GPS Antenna,https://himalayansolution.com/product/gps-antenna
20cm Threaded Rod,https://himalayansolution.com/product/20cm-threaded-rod
25cm Threaded Rod,https://himalayansolution.com/product/25cm-threaded-rod
30cm Threaded Rod,https://himalayansolution.com/product/30cm-threaded-rod
40cm Threaded Rod,https://himalayansolution.com/product/40cm-threaded-rod
50cm Threaded Rod,https://himalayansolution.com/product/50cm-threaded-rod
Soldering Station Digital,https://himalayansolution.com/product/soldering-station-digital
3D Nozzle 0.4mm,https://himalayansolution.com/product/3d-nozzle-0-4mm
TMP 36GZ IC,https://himalayansolution.com/product/tmp-36gz-ic
Tsop Module With Remote,https://himalayansolution.com/product/tsop-module-with-remote
Tsop Module,https://himalayansolution.com/product/tsop-module
8 mm Heat Shrink Tube,https://himalayansolution.com/product/8-mm-heat-shrink-tube
7 mm Heat Shrink Tube,https://himalayansolution.com/product/7-mm-heat-shrink-tube
6 mm Heat Shrink Tube,https://himalayansolution.com/product/6-mm-heat-shrink-tube
5 mm Heat Shrink Tube,https://himalayansolution.com/product/5-mm-heat-shrink-tube
4 mm Heat Shrink Tube,https://himalayansolution.com/product/4-mm-heat-shrink-tube
3.5 mm Heat Shrink Tube,https://himalayansolution.com/product/3-5-mm-heat-shrink-tube
2.5 mm Heat Shrink Tube,https://himalayansolution.com/product/2-5-mm-heat-shrink-tube
30cm Steel Rod,https://himalayansolution.com/product/30cm-steel-rod
50cm Steel Rod,https://himalayansolution.com/product/50cm-steel-rod
20 MHz Crystal Oscillator,https://himalayansolution.com/product/20-mhz-crystal-oscillator
20K Resistor,https://himalayansolution.com/product/20k-resistor
220k Resistor,https://himalayansolution.com/product/220k-resistor
Buck Module With Display,https://himalayansolution.com/product/buck-module-with-display
"1K ,1W Resistor",https://himalayansolution.com/product/1k-1w-resistor
SD Card Shield,https://himalayansolution.com/product/sd-card-shield
Potentiometer Pack,https://himalayansolution.com/product/potentiometer-pack
Battery Cap Without DC Jack,https://himalayansolution.com/product/battery-cap-without-dc-jack
5A Current Sensor,https://himalayansolution.com/product/5a-current-sensor
Reset Switch With Lock,https://himalayansolution.com/product/reset-switch-with-lock
Wireless Charging Module 2A,https://himalayansolution.com/product/wireless-charging-module-2a
Delay Module,https://himalayansolution.com/product/delay-module
40cm Steel Rod,https://himalayansolution.com/product/40cm-steel-rod
Carbon Fiber Plane Rod,https://himalayansolution.com/product/carbon-fiber-plane-rod
HT12D IC,https://himalayansolution.com/product/ht12d-ic
HT12E IC,https://himalayansolution.com/product/ht12e-ic
TDA 2030 IC,https://himalayansolution.com/product/tda-2030-ic
MT 8870 IC,https://himalayansolution.com/product/mt-8870-ic
TIP 122 IC,https://himalayansolution.com/product/tip-122-ic
LF398N IC,https://himalayansolution.com/product/lf398n-ic
PL 2303HX IC,https://himalayansolution.com/product/pl-2303hx-ic
IRF9540N IC,https://himalayansolution.com/product/irf9540n-ic
Coin Cell Holder,https://himalayansolution.com/product/coin-cell-holder
2AA Battery Holder,https://himalayansolution.com/product/2aa-battery-holder
AT 89S52 IC,https://himalayansolution.com/product/at-89s52-ic
PIR Switch Normal,https://himalayansolution.com/product/pir-switch-normal
Ceramic Capacitor Pack,https://himalayansolution.com/product/ceramic-capacitor-pack
Zener Diode,https://himalayansolution.com/product/zener-diode
Dual Row Male Header,https://himalayansolution.com/product/dual-row-male-header
Smart Car Kit 2 wheel chassis,https://himalayansolution.com/product/smart-car-kit-2-wheel-chassis
9*15 cm Good Quality Matrix Board,https://himalayansolution.com/product/9-15-cm-good-quality-matrix-board
Bended Hinge,https://himalayansolution.com/product/bended-hinge
4.5inch Flex Sensor,https://himalayansolution.com/product/4-5inch-flex-sensor
Flex Sensor 2.2 inch,https://himalayansolution.com/product/flex-sensor-2-2-inch
ATMEL 129 IC,https://himalayansolution.com/product/atmel-129-ic
Stepper Bracket,https://himalayansolution.com/product/stepper-bracket
Orange Pi Series Camera Board,https://himalayansolution.com/product/orange-pi-series-camera-board
AT Mega1284P IC,https://himalayansolution.com/product/at-mega1284p-ic
4 Wheel Smart Car Set chassis,https://himalayansolution.com/product/4-wheel-smart-car-set-chassis
Gyroscope Module (Gy-35),https://himalayansolution.com/product/gyroscope-module-gy-35
2 Line Banded Right Angle Male Header,https://himalayansolution.com/product/2-line-banded-right-angle-male-header
MAX485 Module,https://himalayansolution.com/product/max485-module
Flex Sensor 3 inch,https://himalayansolution.com/product/flex-sensor-3-inch
Desoldering Pump Big,https://himalayansolution.com/product/desoldering-pump-big
Soldering Iron with Temperature Controller,https://himalayansolution.com/product/soldering-iron-with-temperature-controller
Soldering Wire,https://himalayansolution.com/product/soldering-wire
Desoldering Pump Small,https://himalayansolution.com/product/desoldering-pump-small
Water Level Sensor,https://himalayansolution.com/product/water-level-sensor-1
Soldering Iron Stand,https://himalayansolution.com/product/soldering-iron-stand
Soldering Iron 60W Blue,https://himalayansolution.com/product/soldering-iron-60w-blue
Soldering Iron 40W Red,https://himalayansolution.com/product/soldering-iron-40w-red
Neodymium Magnet,https://himalayansolution.com/product/neodymium-magnet
Soldering Iron with Temperature Controller,https://himalayansolution.com/product/soldering-iron-with-temperature-controller
Soldering Iron Stand,https://himalayansolution.com/product/soldering-iron-stand
Soldering Iron 60W Blue,https://himalayansolution.com/product/soldering-iron-60w-blue
Soldering Iron 40W Red,https://himalayansolution.com/product/soldering-iron-40w-red
50 A Split-Core Current Transformer,https://himalayansolution.com/product/50-a-split-core-current-transformer
1N5408 Diode,https://himalayansolution.com/product/1n5408-diode
Alligator Clip (Pair),https://himalayansolution.com/product/alligator-clip-pair
Helping Hand Magnfier LED Light with Soldering Stand,https://himalayansolution.com/product/helping-hand-magnfier-led-light-with-soldering-stand
HD Video Recorder System (8 Channel),https://himalayansolution.com/product/hd-video-recorder-system-8-channel
Teensy 2.0,https://himalayansolution.com/product/teensy-2-0
Ethernet Module Small,https://himalayansolution.com/product/ethernet-module-small
Dc Jack Male,https://himalayansolution.com/product/dc-jack-male
10 OHM Resistor,https://himalayansolution.com/product/10-ohm-resistor
100  OHM Resistor,https://himalayansolution.com/product/100-ohm-resistor
4.7uf Capacitor,https://himalayansolution.com/product/4-7uf-capacitor
470uf Capacitor,https://himalayansolution.com/product/470uf-capacitor
200 OHM Resistor,https://himalayansolution.com/product/200-ohm-resistor
Slide Switch Small,https://himalayansolution.com/product/slide-switch-small
49E122BG Hall Effect Sensor,https://himalayansolution.com/product/49e122bg-hall-effect-sensor
Reset Switch Medium Head,https://himalayansolution.com/product/reset-switch-medium-head
USB Cable Type -C,https://himalayansolution.com/product/usb-cable-type-c
Raspberry Pi 4 Case With Fan,https://himalayansolution.com/product/raspberry-pi-4-case-with-fan
1m OHM Preset,https://himalayansolution.com/product/1m-ohm-preset
AVR Convertor,https://himalayansolution.com/product/avr-convertor
3pin Green Connector Big,https://himalayansolution.com/product/3pin-green-connector-big
5Amp Buck Module,https://himalayansolution.com/product/5amp-buck-module
SN74LS04N,https://himalayansolution.com/product/sn74ls04n
Sn74ls86n,https://himalayansolution.com/product/sn74ls86n
SN74LS00N,https://himalayansolution.com/product/sn74ls00n
0.22uf Capacitor,https://himalayansolution.com/product/0-22uf-capacitor
1000uf Capacitor,https://himalayansolution.com/product/1000uf-capacitor
2.2uf Capacitor,https://himalayansolution.com/product/2-2uf-capacitor
0.1uf Capacitor,https://himalayansolution.com/product/0-1uf-capacitor
1m OHM Resistor,https://himalayansolution.com/product/1m-ohm-resistor
33k OHM Resistor,https://himalayansolution.com/product/33k-ohm-resistor
BT 136 SMD IC,https://himalayansolution.com/product/bt-136-smd-ic
L7905,https://himalayansolution.com/product/l7905
IC Heat Sink,https://himalayansolution.com/product/ic-heat-sink
5Amp Boost Module With 2USB,https://himalayansolution.com/product/5amp-boost-module-with-2usb
3pin Female Connector Female,https://himalayansolution.com/product/3pin-female-connector-female
4pin Right Angle Female Connector Orange,https://himalayansolution.com/product/4pin-right-angle-female-connector-orange
Pizeo Module,https://himalayansolution.com/product/pizeo-module
25T,https://himalayansolution.com/product/25t
Servo Bracket Small,https://himalayansolution.com/product/servo-bracket-small
16pin FRC Connector,https://himalayansolution.com/product/16pin-frc-connector
Rj45 Female Socket,https://himalayansolution.com/product/rj45-female-socket
10pin Right Angle FRC Connector,https://himalayansolution.com/product/10pin-right-angle-frc-connector
10pin FRC Connector,https://himalayansolution.com/product/10pin-frc-connector
4pin Female Connector Orange,https://himalayansolution.com/product/4pin-female-connector-orange
2k Trimmer,https://himalayansolution.com/product/2k-trimmer
10k Trimmer (103 Trimmer),https://himalayansolution.com/product/10k-trimmer-103-trimmer
LTV4n25 IC,https://himalayansolution.com/product/ltv4n25-ic
10pin Female Header Long,https://himalayansolution.com/product/10pin-female-header-long
14.5*6.5cm Matrix Board Brown,https://himalayansolution.com/product/14-5-6-5cm-matrix-board-brown
18*30cm Matrix Baord Brown,https://himalayansolution.com/product/18-30cm-matrix-baord-brown
13*25cm Matrix Board Brown,https://himalayansolution.com/product/13-25cm-matrix-board-brown
4G Lite Usb Modem,https://himalayansolution.com/product/4g-lite-usb-modem
Inzee A15 Camera,https://himalayansolution.com/product/inzee-a15-camera
Hd720p Web Camera (Wi-Fi point to point),https://himalayansolution.com/product/hd720p-web-camera-wi-fi-point-to-point
XT-90 Male Connector,https://himalayansolution.com/product/xt-90-male-connector
RF Module Blue,https://himalayansolution.com/product/rf-module-blue
Esp32 With Charging Port (development board),https://himalayansolution.com/product/esp32-with-charging-port-development-board
J-link,https://himalayansolution.com/product/j-link
"12V , 0.25A Fan",https://himalayansolution.com/product/12v-0-25a-fan
